country,2015,hdi,mmr,population,paps,pdensity,npaps,ndensity,gdpcap,hspendcap,phys1000,incomeclass,hivprev,redcappas,redcapnpas,salt,tbincidence,surgdensity,surgvol,gini
Afghanistan,60.0888133,0.493,396,35530081,6,0.016887099,0,0,569.5779229,60.0888133,0.295,Low income,SH.DYN.AIDS.ZS,0,0,20.44616039,189,0.03,SH.SGR.PROC.P5,#N/A
Albania,265.9032358,0.776,29,2873457,260,9.048334463,90,3.124237382,3952.830781,265.9032358,1.286,Upper middle income,0.1,0,0,75.1,16,11.63,1900,29
Algeria,291.6358976,0.749,140,41318142,1550,3.751378753,3500,8.778193803,4160.220067,291.6358976,1.207,Upper middle income,0.1,2000,0,60.70585059,70,12.12,SH.SGR.PROC.P5,27.6
American Samoa,,0,0,55641,3,5.391707554,0,0,11865.96323,0,0.781,Upper middle income,SH.DYN.AIDS.ZS,0,0,SN.ITK.SALT.ZS,8.4,SH.MED.SAOP.P5,SH.SGR.PROC.P5,#N/A
Andorra,4315.698309,0.854,0,76965,10,12.99291886,0,0,36038.2676,4315.698309,3.69,High income,SH.DYN.AIDS.ZS,0,0,SN.ITK.SALT.ZS,6,60.27,5178,#N/A
Angola,108.5595355,0.854,0,29784193,60,0.201449138,0,0,3683.552607,108.5595355,0.144,Lower middle income,1.9,60,0,44.7,370,SH.MED.SAOP.P5,SH.SGR.PROC.P5,42.7
Antigua and Barbuda,657.1726896,0.775,0,102012,2,1.96055366,0,0,13659.14791,657.1726896,0.158,High income,SH.DYN.AIDS.ZS,0,0,SN.ITK.SALT.ZS,3.4,14.29,SH.SGR.PROC.P5,#N/A
Arab World,335.5118404,0.775,0,414491886,#N/A,#N/A,0,0,6413.377161,#N/A,1.06309534,#N/A,0.107113857,#N/A,#N/A,SN.ITK.SALT.ZS,SH.TBS.INCD,21.00395702,SH.SGR.PROC.P5,#N/A
Argentina,997.9313753,0.822,52,44271041,4760,10.75194956,0,0,13698.29344,997.9313753,3.907,High income,0.4,0,0,90,24,10.47,SH.SGR.PROC.P5,42.4
Armenia,366.0492478,0.748,25,2930450,419,14.29814534,300,10.2847152,3617.935746,366.0492478,2.803,Upper middle income,0.2,0,0,96.8,44,98.95,4198,32.5
Aruba,,0,0,105264,0,0,,0,0,0,1.12,High income,SH.DYN.AIDS.ZS,0,0,SN.ITK.SALT.ZS,15,SH.MED.SAOP.P5,SH.SGR.PROC.P5,#N/A
Australia,4934.047418,0.936,6,24598933,5535,22.50097596,0,0,56561.41238,4934.047418,3.496,High income,0.1,0,0,SN.ITK.SALT.ZS,6.1,63.9,10156,34.7
Austria,4536.077437,0.903,4,8809212,3362,38.16459406,,,44206.78428,4536.077437,5.23,High income,0.1,0,0,SN.ITK.SALT.ZS,8.2,141.15,13795,30.5
Azerbaijan,368.3393527,0.758,25,9862429,0,0,,0,5500.310382,368.3393527,3.402,Upper middle income,0.1,0,0,53.6,66,67.63,1842,16.6
"Bahamas, The",1685.460063,0.807,80,395361,#N/A,#N/A,0,0,30483.8201,1685.460063,2.263,High income,1.9,#N/A,#N/A,SN.ITK.SALT.ZS,26,SH.MED.SAOP.P5,SH.SGR.PROC.P5,#N/A
Bahrain,1190.041592,0.832,15,1492584,67,4.488859588,0,0,22688.87824,1190.041592,0.922,High income,0.1,0,0,SN.ITK.SALT.ZS,12,24.44,3899,#N/A
Bangladesh,31.84148833,0.592,176,164669751,1279,0.776706099,0,0,1210.158769,31.84148833,0.472,Lower middle income,0.1,0,0,57.6,221,3.02,161,32.4
Barbados,1160.154188,0.797,27,285719,19,6.649890277,0,0,16129.04928,1160.154188,1.811,High income,1.6,0,0,17.3,1.2,17.31,SH.SGR.PROC.P5,#N/A
Belarus,351.8249262,0.805,4,9507875,2185,22.98095,0,0,5949.106307,351.8249262,4.07,Upper middle income,0.4,0,0,85.4,52,124.24,8741,27
Belgium,4228.314946,0.913,7,11372068,2217,19.49513492,0,0,40361.15419,4228.314946,3.011,High income,SH.DYN.AIDS.ZS,0,0,SN.ITK.SALT.ZS,10,65.38,20712,27.7
Belize,301.1964861,0.709,28,374681,7,1.86825593,22,6.123221482,4950.256062,301.1964861,0.828,Upper middle income,1.9,0,0,90,38,10.88,1964,53.3
Benin,31.29439157,0.709,28,11175692,61,0.545827498,22,6.123221482,783.9630778,31.29439157,0.153,Low income,1,0,200,86,59,1.8,SH.SGR.PROC.P5,47.8
Bermuda,,0,0,65441,0,0,,0,0,0,1.766,High income,SH.DYN.AIDS.ZS,0,0,SN.ITK.SALT.ZS,3.7,SH.MED.SAOP.P5,SH.SGR.PROC.P5,#N/A
Bhutan,91.11436398,0.603,148,807610,7,0.866754993,18,2.286045218,2615.31022,91.11436398,0.381,Lower middle income,SH.DYN.AIDS.ZS,0,0,96.2,178,2.87,2639,37.4
Bolivia,197.2587687,0.603,148,11051600,720,6.514893771,18,2.286045218,3077.026199,197.2587687,0.473,Lower middle income,0.3,0,0,88.7,114,33.87,SH.SGR.PROC.P5,44.6
Bosnia and Herzegovina,431.2226085,0.755,11,3507017,230,6.558280157,0,0,4584.242548,431.2226085,1.886,Upper middle income,SH.DYN.AIDS.ZS,0,0,62,32,32.3,SH.SGR.PROC.P5,32.7
Botswana,389.370982,0.706,129,2291661,18,0.785456488,0,0,6527.508161,389.370982,0.384,Upper middle income,22.8,12,100,65.2,326,3.73,SH.SGR.PROC.P5,60.5
Brazil,780.3959822,0.757,44,209288278,24000,11.46743632,0,0,8750.222996,780.3959822,1.852,Upper middle income,0.6,0,0,95.7,42,34.74,13940,51.3
British Virgin Islands,,0,0,31196,0,0,,0,0,0,SH.MED.PHYS.ZS,High income,SH.DYN.AIDS.ZS,0,0,SN.ITK.SALT.ZS,0,SH.MED.SAOP.P5,SH.SGR.PROC.P5,#N/A
Brunei Darussalam,812.2117571,0.852,23,428697,0,0,,0,30967.89051,812.2117571,1.746,High income,SH.DYN.AIDS.ZS,0,0,SN.ITK.SALT.ZS,66,SH.MED.SAOP.P5,SH.SGR.PROC.P5,#N/A
Bulgaria,572.0449119,0.807,11,7075991,1386,19.58736239,0,0,6993.475544,572.0449119,3.999,Upper middle income,0.1,0,0,91.9,27,120.83,SH.SGR.PROC.P5,37.4
Burkina Faso,33.44341877,0.412,371,19193382,51,0.265716589,450,2.484729405,575.3144542,33.44341877,0.047,Low income,0.8,0,725,95.9,51,0.6,328,35.3
Burundi,24.28560168,0.418,712,10864245,6,0.055227031,328,3.215916433,300.6765569,24.28560168,0.026,Low income,1.1,7,106,96.1,118,0.17,SH.SGR.PROC.P5,38.6
Cabo Verde,145.8259328,0.647,42,546388,11,2.013221374,0,0,2995.150553,145.8259328,0.788,Lower middle income,0.6,0,0,74.8,137,16.33,SH.SGR.PROC.P5,47.2
Cambodia,69.58503779,0.571,161,16005373,450,2.811555844,100,0.644428097,1163.18977,69.58503779,0.143,Lower middle income,0.5,0,0,82.7,345,SH.MED.SAOP.P5,SH.SGR.PROC.P5,#N/A
Cameroon,63.62799174,0.571,161,24053727,24,0.099776638,100,0.644428097,1353.92449,63.62799174,0.083,Lower middle income,3.7,0,150,85.1,203,1.15,SH.SGR.PROC.P5,46.6
Canada,4507.550519,0.92,7,36708083,4464,12.16080938,0,0,43525.37019,4507.550519,2.539,High income,SH.DYN.AIDS.ZS,0,0,SN.ITK.SALT.ZS,5.2,35.29,SH.SGR.PROC.P5,34
Caribbean small states,591.7930367,0,99,7284294,#N/A,#N/A,,0,9842.968671,#N/A,0.91757674,#N/A,1.610158391,#N/A,#N/A,SN.ITK.SALT.ZS,SH.TBS.INCD,16.35194669,SH.SGR.PROC.P5,#N/A
Cayman Islands,,0,0,61559,0,0,,0,0,0,1.939,High income,SH.DYN.AIDS.ZS,0,0,SN.ITK.SALT.ZS,5.7,156.75,8771,#N/A
Central African Republic,16.63966262,0.357,882,4659080,0,0,24,0.527925035,348.3814271,16.63966262,0.047,Low income,4,0,0,64.5,407,0.36,SH.SGR.PROC.P5,56.2
Central Europe and the Baltics,817.5588383,0.357,882,102727102,#N/A,#N/A,24,0.527925035,12456.42652,#N/A,2.897221071,#N/A,SH.DYN.AIDS.ZS,#N/A,#N/A,SN.ITK.SALT.ZS,SH.TBS.INCD,78.14388332,SH.SGR.PROC.P5,#N/A
Chad,35.56909713,0.407,856,14899994,1,0.006711412,22,0.157037272,784.1723072,35.56909713,0.044,Low income,1.3,0,48,53.79855447,153,0.29,52,43.3
Channel Islands,,0.407,856,165314,#N/A,#N/A,22,0.157037272,0,#N/A,1.522,High income,SH.DYN.AIDS.ZS,#N/A,#N/A,SN.ITK.SALT.ZS,SH.TBS.INCD,38.69,SH.SGR.PROC.P5,#N/A
Chile,1101.963652,0.84,22,18054726,1180,6.535684895,0,0,13736.63569,1101.963652,1.033,High income,0.6,0,0,100,16,65.5,SH.SGR.PROC.P5,47.7
China,425.6332942,0.743,27,1386395000,71698,5.171542021,0,0,8069.213024,425.6332942,1.812,Upper middle income,SH.DYN.AIDS.ZS,0,0,96.8,64,40.06,2732,42.2
Colombia,374.2363877,0.742,64,49065615,3600,7.337113781,0,0,6044.525556,374.2363877,1.821,Upper middle income,0.5,0,0,92,32,22.38,27385,50.8
Comoros,58.54066223,0.502,335,813912,0,0,,0,727.6463868,58.54066223,0.19,Low income,0.1,0,0,77.3,35,SH.MED.SAOP.P5,SH.SGR.PROC.P5,45.3
"Congo, Dem. Rep.",19.7532499,0.444,442,81339988,98,0.120481945,0,0,497.6297557,19.7532499,0.091,Low income,0.7,45,30,58.6,323,0.19,SH.SGR.PROC.P5,42.1
"Congo, Rep.",58.7927279,0.444,442,5260750,9,0.171078268,0,0,1712.121146,58.7927279,0.095,Lower middle income,3.1,0,0,73.17814304,378,0.22,SH.SGR.PROC.P5,48.9
Costa Rica,929.1149745,0.788,25,4905769,397,8.092513121,0,0,11393.02395,929.1149745,1.15,Upper middle income,0.4,0,0,92,9.5,22.3,3746,48.7
Cote d'Ivoire,75.45261707,0.478,645,24294750,167,0.687391309,304,1.315534839,1434.326615,75.45261707,0.144,#N/A,2.8,120,100,84.4,153,3.06,SH.SGR.PROC.P5,41.5
Croatia,852.0886433,0.827,8,4125700,870,21.08733063,0,0,11757.89004,852.0886433,3.126,High income,SH.DYN.AIDS.ZS,0,0,88.4,12,84.33,SH.SGR.PROC.P5,31.1
Cuba,,0.772,39,11484636,1786,15.5512112,0,0,7602.261218,0,7.519,Upper middle income,0.4,0,0,88,6.9,112.94,4757,#N/A
Curacao,,0,,161014,0,0,,0,0,0,SH.MED.PHYS.ZS,#N/A,SH.DYN.AIDS.ZS,0,0,SN.ITK.SALT.ZS,2.9,SH.MED.SAOP.P5,SH.SGR.PROC.P5,#N/A
Cyprus,1563.31982,0.86,7,1179551,162,13.73403948,0,0,23212.2247,1563.31982,2.496,High income,0.1,0,0,SN.ITK.SALT.ZS,5.6,79.83,3057,34
Czech Republic,1284.046798,0.86,7,10591323,2121,20.0258268,0,0,17715.61685,1284.046798,3.677,High income,0.1,0,0,SN.ITK.SALT.ZS,5,124.52,SH.SGR.PROC.P5,25.9
Denmark,5497.391543,0.926,6,5769603,1925,33.36451399,1150,20.23407126,53012.99658,5497.391543,3.655,High income,0.1,0,0,SN.ITK.SALT.ZS,6.1,67.85,21197,28.2
Djibouti,81.72909389,0.47,229,956985,9,0.940453612,0,0,1761.610158,81.72909389,0.229,Lower middle income,1.3,0,0,0.240558095,335,4.51,SH.SGR.PROC.P5,44.1
Dominica,383.6501306,0.721,0,73925,0,0,,0,7313.849428,383.6501306,1.78,Upper middle income,SH.DYN.AIDS.ZS,0,0,SN.ITK.SALT.ZS,7.8,11.11,SH.SGR.PROC.P5,#N/A
Dominican Republic,396.6925224,0.729,92,10766998,800,7.430111903,0,0,6534.908555,396.6925224,1.494,Upper middle income,0.9,0,0,18.5,60,SH.MED.SAOP.P5,SH.SGR.PROC.P5,45.3
Early-demographic dividend,169.5356572,0.729,92,3213426923,#N/A,#N/A,0,0,3270.075478,#N/A,0.900465396,#N/A,0.766554154,#N/A,#N/A,67.18726646,SH.TBS.INCD,11.22529927,SH.SGR.PROC.P5,#N/A
East Asia & Pacific,626.0775593,0.729,92,2314364990,#N/A,#N/A,0,0,9546.209264,#N/A,1.565831743,#N/A,SH.DYN.AIDS.ZS,#N/A,#N/A,84.94860782,142,36.50245428,SH.SGR.PROC.P5,#N/A
East Asia & Pacific (excluding high income),332.4248804,0.729,92,2068308373,#N/A,#N/A,0,0,6510.503451,#N/A,1.463428209,#N/A,SH.DYN.AIDS.ZS,#N/A,#N/A,84.94860782,154,34.94882686,2725.37333,#N/A
East Asia & Pacific (IDA & IBRD countries),332.4363832,0.729,92,2042783496,#N/A,#N/A,0,0,6579.584543,#N/A,1.436346897,#N/A,SH.DYN.AIDS.ZS,#N/A,#N/A,85.71836174,SH.TBS.INCD,34.94882686,2725.37333,#N/A
Ecuador,530.1083691,0.743,64,16624858,290,1.744375802,0,0,6150.155955,530.1083691,1.665,Upper middle income,0.3,0,0,99,50,61.12,1552,45
"Egypt, Arab Rep.",156.6371314,0.691,33,97553151,5500,5.637952176,0,0,3547.713012,156.6371314,0.814,Lower middle income,0.1,0,0,77.7,14,50.08,SH.SGR.PROC.P5,31.8
El Salvador,283.1566304,0.674,54,6377853,166,2.602756758,1000,15.84163937,3669.878992,283.1566304,1.596,Lower middle income,0.6,0,0,62,60,22.26,SH.SGR.PROC.P5,40
Equatorial Guinea,279.9981499,0.593,342,1267689,0,0,,0,11213.47463,279.9981499,0.252,Upper middle income,6.5,0,0,33.3,181,SH.MED.SAOP.P5,SH.SGR.PROC.P5,#N/A
Eritrea,30.93640001,0.433,501,0,0,#DIV/0!,56,1.071155318,0,30.93640001,0.053,Low income,0.6,0,0,68,74,0.4,SH.SGR.PROC.P5,#N/A
Estonia,1112.009269,0.866,9,1315480,287,21.81713139,0,0,17155.87418,1112.009269,3.43,High income,0.7,0,0,SN.ITK.SALT.ZS,16,126.56,9684,32.7
Eswatini,232.7153477,0.866,9,1367254,9,0.658253697,0,0,3047.946756,232.7153477,0.147,#N/A,27.4,0,0,51.6,398,0.17,SH.SGR.PROC.P5,51.5
Ethiopia,24.27819125,0.451,353,104957438,51,0.048591125,750,0.750953463,645.4650067,24.27819125,0.022,Low income,0.9,34,430,15.4,177,0.54,43,39.1
Euro area,3487.115276,0.451,353,341465149,#N/A,#N/A,750,0.750953463,34362.68895,#N/A,3.887456839,#N/A,0.301473108,#N/A,#N/A,SN.ITK.SALT.ZS,SH.TBS.INCD,96.60641583,SH.SGR.PROC.P5,#N/A
Europe & Central Asia,2089.140371,0.451,353,915545801,#N/A,#N/A,750,0.750953463,22451.80905,#N/A,3.359272731,#N/A,0.512429699,#N/A,#N/A,SN.ITK.SALT.ZS,32,84.61532213,SH.SGR.PROC.P5,#N/A
Europe & Central Asia (excluding high income),391.3626164,0.451,353,415546194,#N/A,#N/A,750,0.750953463,7485.567414,#N/A,3.050001017,#N/A,0.738947864,#N/A,#N/A,SN.ITK.SALT.ZS,59,74.6041225,SH.SGR.PROC.P5,#N/A
Europe & Central Asia (IDA & IBRD countries),429.7869236,0.451,353,457647735,#N/A,#N/A,750,0.750953463,7951.313917,#N/A,2.985953505,#N/A,0.738947864,#N/A,#N/A,SN.ITK.SALT.ZS,SH.TBS.INCD,74.1088829,SH.SGR.PROC.P5,#N/A
European Union,3183.838983,0.451,353,512461290,#N/A,#N/A,750,0.750953463,32207.3851,#N/A,3.563402461,#N/A,0.271389208,#N/A,#N/A,SN.ITK.SALT.ZS,SH.TBS.INCD,92.33593937,SH.SGR.PROC.P5,#N/A
Faroe Islands,,0,0,49290,0,0,,0,50581.96849,0,SH.MED.PHYS.ZS,High income,SH.DYN.AIDS.ZS,0,0,SN.ITK.SALT.ZS,SH.TBS.INCD,SH.MED.SAOP.P5,SH.SGR.PROC.P5,#N/A
Fiji,174.9339093,0.738,30,905502,28,3.092207416,0,0,4889.461454,174.9339093,0.837,Upper middle income,SH.DYN.AIDS.ZS,0,0,31,59,5.8,1490,36.7
Finland,4005.483235,0.915,3,5511303,1100,19.95898248,3000,54.7492112,42424.22081,4005.483235,3.196,High income,SH.DYN.AIDS.ZS,0,0,SN.ITK.SALT.ZS,4.7,110.07,8850,27.1
Fragile and conflict affected situations,73.28423742,0.915,3,511336623,#N/A,#N/A,3000,54.7492112,1555.466758,#N/A,0.37564981,#N/A,2.512858579,#N/A,#N/A,45.82848861,SH.TBS.INCD,3.092896448,SH.SGR.PROC.P5,#N/A
France,4026.147179,0.898,8,67118648,9700,14.45201936,6000,9.009906482,36613.37522,4026.147179,3.238,High income,0.5,0,0,SN.ITK.SALT.ZS,7.7,58.63,SH.SGR.PROC.P5,32.7
French Polynesia,,0,0,283007,0,0,,,0,0,1.697,High income,SH.DYN.AIDS.ZS,0,0,SN.ITK.SALT.ZS,20,32.62,SH.SGR.PROC.P5,#N/A
Gabon,197.9447153,0.694,291,2025137,22,1.086346257,0,0,7448.749355,197.9447153,0.406,Upper middle income,4.2,20,55,36,485,SH.MED.SAOP.P5,SH.SGR.PROC.P5,38
"Gambia, The",31.87894155,0.457,706,2100568,2,0.095212343,35,1.769830956,458.9705912,31.87894155,0.107,Low income,1.6,0,30,22,174,1.82,SH.SGR.PROC.P5,35.9
Georgia,280.9128658,0.771,36,3717100,500,13.45134648,0,0,3764.640912,280.9128658,4.776,Lower middle income,0.4,0,0,99.9,92,125.01,5488,36.5
Germany,4591.846096,0.933,6,82695000,25000,30.23157386,0,0,41323.9215,4591.846096,4.191,High income,0.2,0,0,SN.ITK.SALT.ZS,8.1,112.85,SH.SGR.PROC.P5,31.7
Ghana,79.5882796,0.585,319,28833629,110,0.381498978,640,2.320284789,1353.68426,79.5882796,0.096,Lower middle income,1.7,0,525,34.5,156,SH.MED.SAOP.P5,SH.SGR.PROC.P5,42.4
Gibraltar,,0.585,319,34571,#N/A,#N/A,640,2.320284789,0,#N/A,SH.MED.PHYS.ZS,High income,SH.DYN.AIDS.ZS,#N/A,#N/A,SN.ITK.SALT.ZS,SH.TBS.INCD,SH.MED.SAOP.P5,SH.SGR.PROC.P5,#N/A
Greece,1504.759697,0.866,3,10760421,1300,12.08131169,0,0,18070.77678,1504.759697,6.255,High income,0.2,0,0,SN.ITK.SALT.ZS,4.4,166.81,SH.SGR.PROC.P5,36
Greenland,,0,0,56171,0,0,,,44912.26609,0,1.135,High income,SH.DYN.AIDS.ZS,0,0,SN.ITK.SALT.ZS,118,SH.MED.SAOP.P5,SH.SGR.PROC.P5,#N/A
Grenada,460.2756196,0.767,27,107825,2,1.854857408,0,0,9333.270231,460.2756196,0.668,Upper middle income,SH.DYN.AIDS.ZS,0,0,SN.ITK.SALT.ZS,6.4,11.32,SH.SGR.PROC.P5,#N/A
Guam,,0,0,164229,0,0,,0,35210.78883,0,1.084,High income,SH.DYN.AIDS.ZS,0,0,SN.ITK.SALT.ZS,53,SH.MED.SAOP.P5,SH.SGR.PROC.P5,#N/A
Guatemala,224.3802644,0.645,88,16913503,311,1.838767522,0,0,3923.573344,224.3802644,0.897,Upper middle income,0.4,0,0,76,24,3.4,1505,48.3
Guinea,25.13424009,0.443,679,12717176,3,0.023590143,40,0.330809997,732.5613473,25.13424009,0.075,Low income,1.5,0,0,41.1,176,SH.MED.SAOP.P5,SH.SGR.PROC.P5,33.7
Guinea-Bissau,39.4753081,0.449,549,1861283,2,0.107452762,0,0,591.8061497,39.4753081,0.045,Low income,3.4,0,0,11.7,374,SH.MED.SAOP.P5,SH.SGR.PROC.P5,50.7
Guyana,184.4525383,0.651,229,777859,25,3.213950086,30,3.903637409,4119.676487,184.4525383,0.214,Upper middle income,1.7,0,0,10.26171825,93,8.77,SH.SGR.PROC.P5,44.6
Haiti,53.57394448,0.493,359,10981229,94,0.85600619,60,0.560168596,814.5463952,53.57394448,0.236,Low income,1.9,0,0,18,188,5.88,SH.SGR.PROC.P5,41.1
Heavily indebted poor countries (HIPC),50.58596346,0.493,359,765112280,#N/A,#N/A,60,0.560168596,883.4080072,#N/A,0.102466948,#N/A,2.569057368,#N/A,#N/A,46.62836685,SH.TBS.INCD,1.734098617,SH.SGR.PROC.P5,#N/A
High income,4874.899448,0.493,359,1249066228,#N/A,#N/A,60,0.560168596,39136.52329,#N/A,3.007898073,#N/A,SH.DYN.AIDS.ZS,#N/A,#N/A,SN.ITK.SALT.ZS,12,66.87905828,SH.SGR.PROC.P5,#N/A
Honduras,176.6132471,0.609,129,9265067,180,1.942781418,217,2.421650943,2341.27532,176.6132471,0.39,Lower middle income,0.3,0,0,80,40,13.68,SH.SGR.PROC.P5,50
"Hong Kong SAR, China",,0.609,129,7391700,#N/A,#N/A,217,2.421650943,42431.88828,#N/A,1.319,High income,SH.DYN.AIDS.ZS,#N/A,#N/A,SN.ITK.SALT.ZS,69,27.84,SH.SGR.PROC.P5,#N/A
Hungary,893.6544568,0.834,17,9781127,900,9.201393664,100,1.015947532,12483.86594,893.6544568,3.093,High income,0.1,0,0,SN.ITK.SALT.ZS,8.8,56.7,SH.SGR.PROC.P5,30.4
IBRD only,308.0828453,0.834,17,4743263932,#N/A,#N/A,100,1.015947532,5562.58977,#N/A,1.429661731,#N/A,SH.DYN.AIDS.ZS,#N/A,#N/A,78.83619036,SH.TBS.INCD,28.73763702,SH.SGR.PROC.P5,#N/A
Iceland,4375.369452,0.927,3,341284,67,19.63174365,70,21.15986276,51213.66133,4375.369452,3.791,High income,SH.DYN.AIDS.ZS,0,0,SN.ITK.SALT.ZS,2.1,78.89,SH.SGR.PROC.P5,27.8
IDA & IBRD total,246.558148,0.927,3,6353204601,#N/A,#N/A,70,21.15986276,4506.852515,#N/A,1.185856778,#N/A,1.111129338,#N/A,#N/A,73.84803788,SH.TBS.INCD,22.37824592,SH.SGR.PROC.P5,#N/A
IDA blend,73.91266352,0.927,3,533023458,#N/A,#N/A,70,21.15986276,1935.324045,#N/A,0.728317429,#N/A,2.090391047,#N/A,#N/A,77.0851597,SH.TBS.INCD,6.931518934,SH.SGR.PROC.P5,#N/A
IDA only,47.61295095,0.927,3,1076917211,#N/A,#N/A,70,21.15986276,1009.249721,#N/A,0.267970427,#N/A,1.872819384,#N/A,#N/A,50.67838674,SH.TBS.INCD,2.571474908,SH.SGR.PROC.P5,#N/A
IDA total,56.51517002,0.927,3,1609940669,#N/A,#N/A,70,21.15986276,1320.948126,#N/A,0.425345442,#N/A,1.949025769,#N/A,#N/A,59.69833283,SH.TBS.INCD,4.099529958,SH.SGR.PROC.P5,#N/A
India,63.31774153,0.627,174,1339180127,16500,1.232097137,0,0,1606.038285,63.31774153,0.758,Lower middle income,0.2,0,0,71.1,211,6.82,SH.SGR.PROC.P5,35.1
Indonesia,111.7617438,0.686,126,263991379,1800,0.681840448,150,0.058103026,3334.549075,111.7617438,0.201,Lower middle income,0.4,0,0,57.6,391,SH.MED.SAOP.P5,SH.SGR.PROC.P5,39.5
"Iran, Islamic Rep.",365.9822284,0.789,25,81162788,3800,4.68194858,300,0.378021874,4862.299729,365.9822284,1.491,Upper middle income,0.1,0,0,98.7,14,4.98,SH.SGR.PROC.P5,38.8
Iraq,154.477493,0.668,50,38274618,488,1.274996396,0,0,4974.02693,154.477493,0.854,Upper middle income,SH.DYN.AIDS.ZS,0,0,29,43,7.28,SH.SGR.PROC.P5,29.5
Ireland,4757.117548,0.929,8,4813608,820,17.035039,0,0,61807.67037,4757.117548,2.961,High income,0.2,0,0,SN.ITK.SALT.ZS,7.1,49.56,SH.SGR.PROC.P5,31.8
Isle of Man,,0.929,8,84287,#N/A,#N/A,0,0,81672.0227,#N/A,1.449,High income,SH.DYN.AIDS.ZS,#N/A,#N/A,SN.ITK.SALT.ZS,SH.TBS.INCD,52.4,9770,#N/A
Israel,2756.117125,0.901,5,8712400,800,9.182314862,0,0,35690.96308,2756.117125,3.576,High income,SH.DYN.AIDS.ZS,0,0,SN.ITK.SALT.ZS,3.5,75.59,4879,41.4
Italy,2700.4258,0.876,4,60551416,15500,25.59808015,0,0,30180.32151,2700.4258,4.021,High income,0.2,0,0,SN.ITK.SALT.ZS,6.1,114.03,SH.SGR.PROC.P5,35.4
Jamaica,294.2611056,0.73,89,2890299,40,1.383939862,50,1.740987084,4939.837281,294.2611056,0.472,Upper middle income,1.8,0,0,SN.ITK.SALT.ZS,4.5,11.83,SH.SGR.PROC.P5,45.5
Japan,3732.562266,0.905,5,126785797,12208,9.628838789,0,0,34567.74568,3732.562266,2.367,High income,0.1,0,0,SN.ITK.SALT.ZS,16,37.36,SH.SGR.PROC.P5,32.1
Jordan,257.4155191,0.733,58,9702353,500,5.15338908,0,0,4096.099275,257.4155191,3.426,Upper middle income,SH.DYN.AIDS.ZS,0,0,88.3,5.6,SH.MED.SAOP.P5,2982,33.7
Kazakhstan,379.0763653,0.797,12,18037646,2877,15.94997485,0,0,10510.77189,379.0763653,3.274,Upper middle income,0.2,0,0,85.4,67,88.61,4459,26.9
Kenya,70.06302021,0.578,510,49699862,202,0.40643976,586,1.240572417,1355.045788,70.06302021,0.204,Lower middle income,4.8,0,1133,93.43285151,348,2.35,SH.SGR.PROC.P5,40.8
Kiribati,108.3802885,0.621,90,116398,4,3.436485163,0,0,1504.715547,108.3802885,0.203,Lower middle income,SH.DYN.AIDS.ZS,0,0,SN.ITK.SALT.ZS,566,8.2,1718,37
"Korea, Dem. People’s Rep.",,0,82,25490965,0,0,,0,0,0,3.507,#N/A,SH.DYN.AIDS.ZS,0,0,24.5,513,SH.MED.SAOP.P5,SH.SGR.PROC.P5,#N/A
"Korea, Rep.",2012.744095,0.898,11,51466201,5771,11.21318436,0,0,27105.07623,2012.744095,2.326,High income,SH.DYN.AIDS.ZS,0,0,SN.ITK.SALT.ZS,77,49.63,SH.SGR.PROC.P5,31.6
Kosovo,,0,0,1830700,0,0,,0,3574.17403,0,SH.MED.PHYS.ZS,Lower middle income,SH.DYN.AIDS.ZS,0,0,SN.ITK.SALT.ZS,SH.TBS.INCD,27.67,1558,26.5
Kuwait,1168.828478,0.802,4,4136528,500,12.08743178,0,0,29109.06874,1168.828478,2.608,High income,0.1,0,0,SN.ITK.SALT.ZS,24,SH.MED.SAOP.P5,SH.SGR.PROC.P5,#N/A
Kyrgyz Republic,92.07670398,0.802,4,6201500,592,9.546077562,0,0,1121.082835,92.07670398,1.854,Lower middle income,0.2,0,0,76.1,145,50.06,3045,26.8
Lao PDR,52.98525778,0.666,76,6858160,60,0.874870228,0,0,2159.433152,52.98525778,0.491,Lower middle income,0.3,0,0,79.5,175,2.86,SH.SGR.PROC.P5,36.4
Late-demographic dividend,468.7315985,0.593,197,2278227192,#N/A,#N/A,0,0,8203.441798,#N/A,1.910532128,#N/A,SH.DYN.AIDS.ZS,#N/A,#N/A,89.83955274,SH.TBS.INCD,42.04152865,4914.032807,#N/A
Latin America & Caribbean,636.4960603,0.593,197,644137666,#N/A,#N/A,0,0,8723.026709,#N/A,2.047352583,#N/A,0.50544682,#N/A,#N/A,SN.ITK.SALT.ZS,41,31.55132741,9945.972822,#N/A
Latin America & Caribbean (excluding high income),584.062544,0.593,197,568136842,#N/A,#N/A,0,0,7866.219304,#N/A,1.915451908,#N/A,0.503369661,#N/A,#N/A,SN.ITK.SALT.ZS,42,32.27889571,9946.125396,#N/A
Latin America & the Caribbean (IDA & IBRD countries),635.5940942,0.593,197,628059792,#N/A,#N/A,0,0,8583.717478,#N/A,1.933975887,#N/A,0.505888229,#N/A,#N/A,SN.ITK.SALT.ZS,SH.TBS.INCD,29.57560305,10079.75064,#N/A
Latvia,783.8456574,0.841,18,1940740,355,18.29199171,491,24.82899096,13639.69412,783.8456574,3.209,High income,SH.DYN.AIDS.ZS,0,0,SN.ITK.SALT.ZS,37,88.66,18395,34.2
Least developed countries: UN classification,44.79464946,0.841,18,1002485957,#N/A,#N/A,491,24.82899096,970.4239109,#N/A,0.213478341,#N/A,1.91309752,#N/A,#N/A,51.36106524,SH.TBS.INCD,1.460232187,SH.SGR.PROC.P5,#N/A
Lebanon,645.1717088,0.752,15,6082357,560,9.206957106,70,1.196278753,8452.443641,645.1717088,2.38,Upper middle income,0.1,0,0,70.7,12,87.4,SH.SGR.PROC.P5,31.8
Lesotho,90.85011948,0.511,487,2233339,5,0.223880029,0,0,1152.316796,90.85011948,0.047,Lower middle income,23.8,0,0,79.41308808,724,0.57,SH.SGR.PROC.P5,54.2
Liberia,69.29014961,0.432,725,4731906,0,0,60,1.333445639,452.0380717,69.29014961,0.023,Low income,1.4,0,76,SN.ITK.SALT.ZS,308,0.6,SH.SGR.PROC.P5,33.2
Libya,,0.694,9,6374616,330,5.176782413,375,6.014478052,4695.273094,0,2.092,Upper middle income,SH.DYN.AIDS.ZS,0,0,90,40,SH.MED.SAOP.P5,SH.SGR.PROC.P5,#N/A
Liechtenstein,,0.912,0,37922,0,0,,0,168146.0153,0,SH.MED.PHYS.ZS,High income,SH.DYN.AIDS.ZS,0,0,SN.ITK.SALT.ZS,SH.TBS.INCD,71.94,SH.SGR.PROC.P5,#N/A
Lithuania,923.2748202,0.852,10,2827721,533,18.84910145,0,0,14289.12057,923.2748202,4.379,High income,0.2,0,0,SN.ITK.SALT.ZS,53,130.92,SH.SGR.PROC.P5,37.4
Low & middle income,233.5078593,0.852,10,6281293921,#N/A,#N/A,0,0,4333.705028,#N/A,1.17821637,#N/A,1.11852658,#N/A,#N/A,73.5752545,163,22.14110423,SH.SGR.PROC.P5,#N/A
Low income,37.23332301,0.852,10,732448558,#N/A,#N/A,0,0,761.6451103,#N/A,0.311086858,#N/A,2.733035457,#N/A,#N/A,49.39864893,224,1.622368029,SH.SGR.PROC.P5,#N/A
Lower middle income,81.70691157,0.852,10,2972642807,#N/A,#N/A,0,0,2003.5018,#N/A,0.702750113,#N/A,0.616251547,#N/A,#N/A,67.38883694,227,10.06727055,SH.SGR.PROC.P5,#N/A
Luxembourg,6236.000838,0.899,10,599449,80,13.34558903,0,0,101446.7863,6236.000838,2.921,High income,0.3,0,0,SN.ITK.SALT.ZS,5.8,75.83,SH.SGR.PROC.P5,33.8
"Macao SAR, China",,0.899,10,622567,#N/A,#N/A,0,0,75484.28658,#N/A,1.562,High income,SH.DYN.AIDS.ZS,#N/A,#N/A,SN.ITK.SALT.ZS,67,SH.MED.SAOP.P5,SH.SGR.PROC.P5,#N/A
"Macedonia, FYR",295.4222464,0,8,2083160,206,9.88882275,0,0,4834.136723,295.4222464,2.875,Upper middle income,0.1,0,0,94,16,64.62,SH.SGR.PROC.P5,35.6
Madagascar,21.0450533,0.514,353,25570895,55,0.215088287,200,0.82528379,402.0883118,21.0450533,0.143,Low income,0.3,50,106,50.29915077,237,0.78,SH.SGR.PROC.P5,42.6
Malawi,34.22346802,0.47,634,18622104,6,0.032219775,195,1.109618532,362.6575444,34.22346802,0.019,Low income,9.6,7,146,62.1,159,0.43,SH.SGR.PROC.P5,45.5
Malaysia,385.6203588,0.795,40,31624264,872,2.757376425,0,0,9648.553455,385.6203588,1.533,Upper middle income,0.4,0,0,17.6,92,11.43,SH.SGR.PROC.P5,41
Maldives,943.9436734,0.71,68,436330,5,1.145921665,0,0,9575.7707,943.9436734,3.611,Upper middle income,SH.DYN.AIDS.ZS,0,0,44,49,6.73,SH.SGR.PROC.P5,38.4
Mali,42.29922694,0.418,587,18541980,53,0.285837866,85,0.486606722,749.9501571,42.29922694,0.085,Low income,1.2,20,0,74.39658556,56,1.05,SH.SGR.PROC.P5,33
Malta,2304.179816,0.871,9,465292,86,18.48301712,0,0,23759.02834,2304.179816,3.908,High income,SH.DYN.AIDS.ZS,0,0,SN.ITK.SALT.ZS,13,84.85,SH.SGR.PROC.P5,29.4
Marshall Islands,747.0239461,0,0,53127,0,0,,0,3390.910292,747.0239461,0.456,Upper middle income,SH.DYN.AIDS.ZS,0,0,SN.ITK.SALT.ZS,422,16.98,SH.SGR.PROC.P5,#N/A
Mauritania,53.61152863,0,0,4420184,21,0.475093345,,0,1158.256371,53.61152863,0.068,Lower middle income,0.3,18,0,7.3,102,SH.MED.SAOP.P5,SH.SGR.PROC.P5,32.6
Mauritius,506.0765242,0.782,53,1264613,55,4.349156619,0,0,9260.447303,506.0765242,2.003,Upper middle income,SH.DYN.AIDS.ZS,0,100,0,22,17.58,SH.SGR.PROC.P5,35.8
Mexico,534.8109296,0.767,38,129163276,8157,6.315262552,0,0,9290.760629,534.8109296,2.231,Upper middle income,0.3,0,0,91,22,SH.MED.SAOP.P5,1303,43.4
"Micronesia, Fed. Sts.",394.8772898,0.627,100,105544,#N/A,#N/A,9,8.617965586,3018.008675,#N/A,0.177,Lower middle income,SH.DYN.AIDS.ZS,#N/A,#N/A,SN.ITK.SALT.ZS,177,7,SH.SGR.PROC.P5,40.1
Middle East & North Africa,415.780809,0.627,100,444322417,#N/A,#N/A,9,8.617965586,7323.031083,#N/A,1.310080527,#N/A,0.108414339,#N/A,#N/A,SN.ITK.SALT.ZS,32,21.57276642,SH.SGR.PROC.P5,#N/A
Middle East & North Africa (excluding high income),229.4228132,0.627,100,379901782,#N/A,#N/A,9,8.617965586,3905.958291,#N/A,1.118492709,#N/A,0.104310429,#N/A,#N/A,SN.ITK.SALT.ZS,36,20.12044732,SH.SGR.PROC.P5,#N/A
Middle East & North Africa (IDA & IBRD countries),229.4228132,0.627,100,375217005,#N/A,#N/A,9,8.617965586,3918.245631,#N/A,1.118492709,#N/A,0.104310429,#N/A,#N/A,SN.ITK.SALT.ZS,SH.TBS.INCD,20.12044732,SH.SGR.PROC.P5,#N/A
Middle income,256.6914942,0.627,100,5548845363,#N/A,#N/A,9,8.617965586,4792.118492,#N/A,1.283313202,#N/A,0.891421279,#N/A,#N/A,76.77849293,156,24.77818204,SH.SGR.PROC.P5,#N/A
Moldova,186.4347609,0.627,100,3549750,#N/A,#N/A,9,8.617965586,1832.499052,#N/A,3.198,Lower middle income,0.6,#N/A,#N/A,44.3,101,86.12,4898,26.3
Monaco,3315.816901,0,0,38695,0,0,,,0,3315.816901,6.645,High income,SH.DYN.AIDS.ZS,0,0,SN.ITK.SALT.ZS,0,196.69,SH.SGR.PROC.P5,#N/A
Mongolia,152.4573849,0.737,44,3075647,200,6.502696831,0,0,3946.962075,152.4573849,3.262,Lower middle income,0.1,0,0,69.9,183,45.51,5339,32.3
Montenegro,382.0842137,0.809,7,622471,81,13.0126544,0,0,6514.272695,382.0842137,2.343,Upper middle income,0.1,0,0,70.7,16,57.68,SH.SGR.PROC.P5,31.9
Morocco,159.7730251,0.655,121,35739580,650,1.818711915,1500,4.309933402,2864.092915,159.7730251,0.618,Lower middle income,0.1,550,0,21.2,103,3.74,756,39.5
Mozambique,28.29781169,0.432,489,29668834,60,0.202232417,257,0.917506819,528.3125597,28.29781169,0.055,Low income,12.5,50,0,44.8,551,0.56,SH.SGR.PROC.P5,54
Myanmar,59.12304205,0.569,178,53370609,721,1.350930809,0,0,1138.992271,59.12304205,0.568,Lower middle income,0.7,0,0,68.8,361,2.37,SH.SGR.PROC.P5,38.1
Namibia,423.0704522,0.569,178,2533794,60,2.367990452,0,0,4852.092267,423.0704522,0.374,Upper middle income,12.1,37,0,57.4,446,5.96,SH.SGR.PROC.P5,59.1
Nauru,812.0281534,0,0,13649,0,0,,0,8052.888385,812.0281534,1.394,Upper middle income,SH.DYN.AIDS.ZS,0,0,SN.ITK.SALT.ZS,112,30,7130,#N/A
Nepal,44.4173729,0.566,258,29304998,235,0.801910991,70,0.244274536,747.1604624,44.4173729,0.598,Low income,0.2,0,0,80.0454434,154,2.96,209,32.8
Netherlands,4746.013989,0.566,258,17132854,2316,13.51788791,70,0.244274536,44746.33405,4746.013989,3.478,High income,0.2,0,0,SN.ITK.SALT.ZS,5.9,50.36,SH.SGR.PROC.P5,28.2
New Caledonia,,0.926,7,280460,#N/A,#N/A,4100,24.20317967,0,#N/A,1.982,High income,SH.DYN.AIDS.ZS,#N/A,#N/A,SN.ITK.SALT.ZS,16,SH.MED.SAOP.P5,SH.SGR.PROC.P5,#N/A
New Zealand,3553.628841,0.914,11,4793900,983,20.50522539,0,0,38649.3785,3553.628841,3.061,High income,0.1,0,0,83,7.3,43,5308,#N/A
Nicaragua,162.9251172,0.652,150,6217581,250,4.020856343,50,0.822093263,2073.497938,162.9251172,0.914,Lower middle income,0.2,0,0,96.8,48,15.8,SH.SGR.PROC.P5,46.2
Niger,25.72284735,0.347,553,21477348,14,0.065184957,118,0.593055273,364.4437228,25.72284735,0.019,Low income,0.3,0,134,18.60114068,93,0.46,263,34.3
Nigeria,97.30686106,0.527,814,190886311,1050,0.550065636,250,0.137982997,2655.157977,97.30686106,0.395,Lower middle income,2.8,0,1633,79.8,219,1.36,SH.SGR.PROC.P5,43
North America,9031.058864,0.527,814,362492702,#N/A,#N/A,250,0.137982997,55153.21527,#N/A,2.565098871,#N/A,SH.DYN.AIDS.ZS,#N/A,#N/A,SN.ITK.SALT.ZS,3.4,52.76144397,SH.SGR.PROC.P5,#N/A
Northern Mariana Islands,,0.527,814,55144,#N/A,#N/A,250,0.137982997,17020.57793,#N/A,0.445,High income,SH.DYN.AIDS.ZS,#N/A,#N/A,SN.ITK.SALT.ZS,59,SH.MED.SAOP.P5,SH.SGR.PROC.P5,#N/A
Norway,7464.118016,0.948,5,5282223,1329,25.15986167,2000,38.53387098,74498.13764,7464.118016,4.385,High income,0.1,0,0,SN.ITK.SALT.ZS,6.1,61.92,SH.SGR.PROC.P5,27.5
Not classified,,0.948,5,0,#N/A,#N/A,2000,38.53387098,0,#N/A,SH.MED.PHYS.ZS,#N/A,SH.DYN.AIDS.ZS,#N/A,#N/A,SN.ITK.SALT.ZS,SH.TBS.INCD,SH.MED.SAOP.P5,SH.SGR.PROC.P5,#N/A
OECD members,4519.150449,0.948,5,1300865255,#N/A,#N/A,2000,38.53387098,36394.78586,#N/A,2.863813896,#N/A,SH.DYN.AIDS.ZS,#N/A,#N/A,SN.ITK.SALT.ZS,SH.TBS.INCD,68.37045904,SH.SGR.PROC.P5,#N/A
Oman,636.4792381,0.822,17,4636262,290,6.255039081,0,0,16406.71162,636.4792381,1.915,High income,SH.DYN.AIDS.ZS,0,0,68.5,9,24.14,2293,#N/A
Other small states,605.8266223,0.822,17,30621014,#N/A,#N/A,0,0,12676.92673,#N/A,1.090467934,#N/A,7.82479316,#N/A,#N/A,SN.ITK.SALT.ZS,SH.TBS.INCD,22.04039334,SH.SGR.PROC.P5,#N/A
Pacific island small states,202.0253753,0.822,17,2419188,#N/A,#N/A,0,0,3640.271337,#N/A,0.49197731,#N/A,SH.DYN.AIDS.ZS,#N/A,#N/A,SN.ITK.SALT.ZS,SH.TBS.INCD,5.321008056,1531.658408,#N/A
Pakistan,37.99237688,0.551,178,197015955,3100,1.573476625,50,0.026401872,1428.637628,37.99237688,0.978,Lower middle income,0.1,0,0,69.1,268,5.53,SH.SGR.PROC.P5,33.5
Palau,1420.205294,0.793,0,21729,0,0,,0,13767.51691,1420.205294,1.185,High income,SH.DYN.AIDS.ZS,0,0,SN.ITK.SALT.ZS,123,SH.MED.SAOP.P5,SH.SGR.PROC.P5,#N/A
Panama,920.5865363,0.781,94,4098587,376,9.173893344,0,0,13684.1308,920.5865363,1.594,High income,1,0,0,94.6,55,26.45,SH.SGR.PROC.P5,50.4
Papua New Guinea,77.34963166,0.542,215,8251162,45,0.54537773,94,1.186894912,2605.945969,77.34963166,0.055,Lower middle income,0.9,0,0,91.9,432,2.3,1264,41.9
Paraguay,321.3438136,0.702,132,6811297,327,4.800847768,320,4.819916618,4109.367724,321.3438136,1.286,Upper middle income,0.5,0,0,93.4,42,14.38,SH.SGR.PROC.P5,47.9
Peru,322.9602489,0.745,68,32165485,553,1.719234142,0,0,6053.112415,322.9602489,1.116,Upper middle income,0.3,0,0,88.3,117,42.88,3005,43.8
Philippines,126.8949105,0.693,114,104918090,3510,3.345466926,0,0,2878.33837,126.8949105,1.11,Lower middle income,0.1,0,0,80.1,554,9.56,SH.SGR.PROC.P5,#N/A
Poland,796.7381856,0.855,3,37975841,6500,17.11614497,3980,10.47743072,12566.48344,796.7381856,2.29,High income,SH.DYN.AIDS.ZS,0,0,SN.ITK.SALT.ZS,18,67.65,SH.SGR.PROC.P5,#N/A
Portugal,1721.707318,0.842,10,10293718,1855,18.02069962,0,0,19252.63495,1721.707318,4.426,High income,0.6,0,0,SN.ITK.SALT.ZS,20,84.04,SH.SGR.PROC.P5,35.5
Post-demographic dividend,5219.293506,0.842,10,1107374909,#N/A,#N/A,0,0,40337.91553,#N/A,3.121535892,#N/A,SH.DYN.AIDS.ZS,#N/A,#N/A,SN.ITK.SALT.ZS,SH.TBS.INCD,71.23263323,SH.SGR.PROC.P5,#N/A
Pre-demographic dividend,66.04286024,0.842,10,904399841,#N/A,#N/A,0,0,1528.430419,#N/A,0.206129925,#N/A,3.099297976,#N/A,#N/A,60.50025151,SH.TBS.INCD,1.41735773,SH.SGR.PROC.P5,#N/A
Puerto Rico,,0.842,10,3337177,#N/A,#N/A,0,0,29697.16199,#N/A,1.75,High income,SH.DYN.AIDS.ZS,#N/A,#N/A,SN.ITK.SALT.ZS,2,SH.MED.SAOP.P5,SH.SGR.PROC.P5,#N/A
Qatar,2029.5418,0.854,13,2639211,128,4.849934317,0,0,66346.52267,2029.5418,1.964,High income,0.1,0,0,SN.ITK.SALT.ZS,23,14.49,SH.SGR.PROC.P5,#N/A
Romania,442.3695746,0.805,31,19586539,1400,7.147766127,0,0,8978.389254,442.3695746,2.669,Upper middle income,0.1,0,0,74,74,61.72,SH.SGR.PROC.P5,35.9
Russian Federation,523.7749402,0.813,25,144495044,30000,20.76195776,0,0,9346.61636,523.7749402,3.975,Upper middle income,1.2,0,0,35,66,87.95,6622,37.7
Rwanda,56.65848825,0.51,290,12208407,31,0.253923382,454,3.903847379,711.7739773,56.65848825,0.064,Low income,2.7,19,273,99.3,50,0.75,SH.SGR.PROC.P5,45.1
Samoa,222.8913959,0.706,51,196440,6,3.054367746,0,0,4149.411429,222.8913959,0.344,Upper middle income,SH.DYN.AIDS.ZS,0,0,SN.ITK.SALT.ZS,7.7,1.6,1552,42
San Marino,3243.080831,0,0,33400,0,0,,0,47610.98508,3243.080831,6.363,High income,SH.DYN.AIDS.ZS,0,0,SN.ITK.SALT.ZS,0,112.5,5145,#N/A
Sao Tome and Principe,159.905536,0.58,156,204327,0,0,,0,1613.480207,159.905536,0.541,#N/A,SH.DYN.AIDS.ZS,0,0,64.80557606,99,SH.MED.SAOP.P5,SH.SGR.PROC.P5,30.8
Saudi Arabia,1194.100455,0.854,12,32938213,1500,4.553981116,0,0,20732.86172,1194.100455,2.568,High income,SH.DYN.AIDS.ZS,0,0,SN.ITK.SALT.ZS,10,SH.MED.SAOP.P5,3399,#N/A
Senegal,36.07884461,0.492,315,15850567,94,0.593038722,50,0.333845363,910.7747772,36.07884461,0.068,Low income,0.4,50,0,43.13512771,140,1.03,SH.SGR.PROC.P5,40.3
Serbia,491.2518643,0.78,17,7022268,950,13.52839282,0,0,5237.255334,491.2518643,2.463,Upper middle income,0.1,0,0,32.2,19,72.55,SH.SGR.PROC.P5,#N/A
Seychelles,491.8218158,0.791,0,95843,4,4.173492065,0,0,14725.10174,491.8218158,0.984,High income,SH.DYN.AIDS.ZS,0,0,SN.ITK.SALT.ZS,15,45.21,4268,46.8
Sierra Leone,106.685905,0.413,1360,7557212,2,0.026464786,130,1.796318239,582.9362031,106.685905,0.024,Low income,1.4,0,0,62.6,304,0.15,400,34
Singapore,2280.284125,0.929,10,5612253,480,8.552714926,0,0,54940.85814,2280.284125,2.276,High income,0.2,0,0,SN.ITK.SALT.ZS,51,31.45,SH.SGR.PROC.P5,#N/A
Sint Maarten (Dutch part),,0.929,10,41109,#N/A,#N/A,0,0,0,#N/A,SH.MED.PHYS.ZS,High income,SH.DYN.AIDS.ZS,#N/A,#N/A,SN.ITK.SALT.ZS,0,SH.MED.SAOP.P5,SH.SGR.PROC.P5,#N/A
Slovak Republic,1108.431734,0.929,10,5439892,850,15.62531021,0,0,16132.86031,1108.431734,3.45,High income,0.1,0,0,SN.ITK.SALT.ZS,5.9,57.17,SH.SGR.PROC.P5,26.5
Slovenia,1771.553881,0.889,9,2066748,400,19.35407703,0,0,20873.16111,1771.553881,2.82,High income,0.1,0,0,SN.ITK.SALT.ZS,6.5,72.82,SH.SGR.PROC.P5,25.4
Small states,578.7822372,0.889,9,40324496,#N/A,#N/A,0,0,11605.69601,#N/A,1.015371687,#N/A,6.572383415,#N/A,#N/A,SN.ITK.SALT.ZS,SH.TBS.INCD,19.66870735,SH.SGR.PROC.P5,#N/A
Solomon Islands,152.1290973,0.546,114,611343,5,0.817871473,0,0,1965.422032,152.1290973,0.191,Lower middle income,SH.DYN.AIDS.ZS,0,0,SN.ITK.SALT.ZS,84,2.5,868,37.1
Somalia,,0,732,14742523,0,0,31,0.222891231,476.7957376,0,0.029,Low income,0.1,0,31,3.9,270,0.2,SH.SGR.PROC.P5,#N/A
South Africa,470.7969933,0.692,138,56717156,8814,15.54027145,0,0,5746.681127,470.7969933,0.818,Upper middle income,18.8,0,0,62.4,781,11.53,SH.SGR.PROC.P5,63
South Asia,58.16543875,0.692,138,1788388852,#N/A,#N/A,0,0,1545.277313,#N/A,0.74571225,#N/A,0.178281931,#N/A,#N/A,68.85560499,215,6.088152981,SH.SGR.PROC.P5,#N/A
South Asia (IDA & IBRD),58.16543875,0.692,138,1788388852,#N/A,#N/A,0,0,1545.277313,#N/A,0.74571225,#N/A,0.178281931,#N/A,#N/A,68.85560499,SH.TBS.INCD,6.088152981,SH.SGR.PROC.P5,#N/A
South Sudan,28.04670336,0.399,789,12575714,4,0.031807339,38,0.319807819,917.9214739,28.04670336,SH.MED.PHYS.ZS,Low income,2.4,0,20,45.3,146,5.96,268,46.3
Spain,2353.926048,0.885,5,46572028,7500,16.1040872,0,0,25789.51955,2353.926048,3.872,High income,0.4,0,0,SN.ITK.SALT.ZS,10,109.07,10579,36.2
Sri Lanka,117.8673949,0.766,30,21444000,410,1.911956724,0,0,3842.16386,117.8673949,0.881,Lower middle income,0.1,0,0,92.4,65,2.96,4943,39.8
St. Kitts and Nevis,906.9985425,0.766,30,55345,3,5.420543861,0,0,16178.18889,906.9985425,1.06,High income,SH.DYN.AIDS.ZS,0,0,100,0,30.91,SH.SGR.PROC.P5,#N/A
St. Lucia,481.6262863,0.766,30,178844,0,0,0,0,9306.358868,481.6262863,0.103,Upper middle income,SH.DYN.AIDS.ZS,0,0,45.5,1.9,22.83,SH.SGR.PROC.P5,42.6
St. Martin (French part),,0.766,30,32125,#N/A,#N/A,0,0,0,#N/A,SH.MED.PHYS.ZS,High income,SH.DYN.AIDS.ZS,#N/A,#N/A,SN.ITK.SALT.ZS,SH.TBS.INCD,SH.MED.SAOP.P5,SH.SGR.PROC.P5,#N/A
St. Vincent and the Grenadines,284.0334526,0.766,30,109897,0,0,0,0,6913.038844,284.0334526,0.574,Upper middle income,SH.DYN.AIDS.ZS,0,0,SN.ITK.SALT.ZS,6.3,12.84,2509,#N/A
Sub-Saharan Africa,84.87791324,0.766,30,1061107721,#N/A,#N/A,0,0,1600.696884,#N/A,0.193216275,#N/A,4.121554712,#N/A,#N/A,58.3620975,255,1.802317453,SH.SGR.PROC.P5,#N/A
Sub-Saharan Africa (excluding high income),84.83958451,0.766,30,1061011878,#N/A,#N/A,0,0,1599.47779,#N/A,0.193139218,#N/A,4.121554712,#N/A,#N/A,58.3620975,255,1.797904994,SH.SGR.PROC.P5,#N/A
Sub-Saharan Africa (IDA & IBRD countries),84.87791324,0.766,30,1061107721,#N/A,#N/A,0,0,1600.696884,#N/A,0.193216275,#N/A,4.121554712,#N/A,#N/A,58.3620975,SH.TBS.INCD,1.802317453,SH.SGR.PROC.P5,#N/A
Sudan,151.7872285,0.497,311,40533330,190,0.468750039,160,0.413995072,2513.884661,151.7872285,0.28,Lower middle income,0.2,0,0,9.5,82,2.67,SH.SGR.PROC.P5,35.4
Suriname,577.4951237,0.722,155,563402,19,3.372369995,0,0,8724.723897,577.4951237,0.817,Upper middle income,1.3,0,0,SN.ITK.SALT.ZS,26,SH.MED.SAOP.P5,SH.SGR.PROC.P5,57.6
Sweden,5600.104823,0.929,4,10067744,2200,21.85196604,10600,108.1722502,50812.19086,5600.104823,4.188,High income,SH.DYN.AIDS.ZS,0,0,SN.ITK.SALT.ZS,8.2,113.12,15228,29.2
Switzerland,9817.985154,0.942,5,8466017,2594,30.64014636,2900,35.01402251,82016.02131,9817.985154,4.248,High income,SH.DYN.AIDS.ZS,0,0,SN.ITK.SALT.ZS,7.8,96.27,SH.SGR.PROC.P5,32.3
Syrian Arab Republic,,0.538,68,18269868,536,2.933792406,0,0,0,0,1.546,Low income,SH.DYN.AIDS.ZS,0,0,79.3,21,SH.MED.SAOP.P5,SH.SGR.PROC.P5,35.8
Tajikistan,62.96370158,0.645,32,8921343,645,7.229853173,0,0,918.6771543,62.96370158,1.714,Low income,0.3,0,0,38.6,85,55.59,1691,34
Tanzania,31.73734859,0.645,32,57310019,50,0.08724478,0,0,872.2954949,31.73734859,0.022,Low income,4.5,0,333,55.71890108,287,0.46,SH.SGR.PROC.P5,37.8
Thailand,217.135232,0.741,20,69037513,1662,2.407386836,0,0,5846.394608,217.135232,0.47,Upper middle income,1.1,0,0,70.9,172,13.23,SH.SGR.PROC.P5,36
Timor-Leste,71.65509997,0.63,215,1296311,10,0.771419821,18,1.450470073,2501.598354,71.65509997,0.078,Lower middle income,SH.DYN.AIDS.ZS,0,0,59.9,498,0.9,433,28.7
Togo,36.64787882,0.495,368,7797694,17,0.218013172,203,2.737028709,551.1506732,36.64787882,0.053,Low income,2.1,0,150,31.5,46,0.51,SH.SGR.PROC.P5,43.1
Tonga,221.3702755,0.721,124,108020,5,4.62877245,1,0.940167726,4093.849585,221.3702755,0.558,Upper middle income,SH.DYN.AIDS.ZS,0,0,SN.ITK.SALT.ZS,8.6,14,5061,37.5
Trinidad and Tobago,1146.23135,0.783,63,1369125,75,5.477951246,0,0,17941.80059,1146.23135,1.821,High income,1.1,0,0,27.9,18,31.09,SH.SGR.PROC.P5,40.3
Tunisia,258.0288674,0.728,62,11532127,570,4.942713517,0,0,3828.100633,258.0288674,1.289,Lower middle income,0.1,200,0,96.7,38,11.61,SH.SGR.PROC.P5,35.8
Turkey,454.6082921,0.783,16,80745020,7000,8.6692653,0,0,10984.8052,454.6082921,1.749,Upper middle income,SH.DYN.AIDS.ZS,0,0,68.9,18,50.11,SH.SGR.PROC.P5,41.9
Turkmenistan,405.1263452,0.701,42,5758075,694,12.05263912,0,0,6432.668768,405.1263452,2.291,Upper middle income,SH.DYN.AIDS.ZS,0,0,86.5,60,58.81,2698,40.8
Turks and Caicos Islands,,0.701,42,35446,#N/A,#N/A,0,0,0,#N/A,SH.MED.PHYS.ZS,High income,SH.DYN.AIDS.ZS,#N/A,#N/A,SN.ITK.SALT.ZS,6.6,SH.MED.SAOP.P5,SH.SGR.PROC.P5,#N/A
Tuvalu,439.1770254,0.701,42,11192,#N/A,#N/A,0,0,3232.07334,#N/A,1.091,Upper middle income,SH.DYN.AIDS.ZS,#N/A,#N/A,SN.ITK.SALT.ZS,207,18.5,3417,39.1
Uganda,46.05846472,0.505,343,42862958,72,0.167977208,430,1.071120669,675.1211418,46.05846472,0.093,Low income,5.9,75,380,99,201,1.05,248,42.8
Ukraine,125.0465205,0.743,24,44831159,6800,15.16802187,0,0,2124.662666,125.0465205,3,Lower middle income,0.9,0,0,20.7,87,86.55,SH.SGR.PROC.P5,25
United Arab Emirates,1401.974477,0.86,6,9400145,1000,10.63813377,0,0,39122.04971,1401.974477,1.558,High income,SH.DYN.AIDS.ZS,0,0,SN.ITK.SALT.ZS,0.79,SH.MED.SAOP.P5,SH.SGR.PROC.P5,#N/A
United Kingdom,4355.805764,0.918,9,66022273,11549,17.49258163,0,0,44305.55463,4355.805764,2.825,High income,SH.DYN.AIDS.ZS,0,0,SN.ITK.SALT.ZS,9.9,90.48,SH.SGR.PROC.P5,33.2
United States,9535.945335,0.92,14,325719178,67000,20.56986648,35874,11.1743141,56443.81724,9535.945335,2.568,High income,SH.DYN.AIDS.ZS,0,0,SN.ITK.SALT.ZS,3.1,54.71,SH.SGR.PROC.P5,41.5
Upper middle income,456.915953,0.92,14,2576202556,#N/A,#N/A,35874,11.1743141,7965.028104,#N/A,1.916734647,#N/A,SH.DYN.AIDS.ZS,#N/A,#N/A,SN.ITK.SALT.ZS,74,39.84648168,4675.247135,#N/A
Uruguay,1281.291902,0.8,15,3456750,470,13.59658639,0,0,15524.84247,1281.291902,3.736,High income,0.6,0,0,SN.ITK.SALT.ZS,29,38.9,SH.SGR.PROC.P5,39.7
Uzbekistan,133.94874,0.698,36,32387200,2684,8.287224583,6000,19.17000278,2137.576852,133.94874,2.451,Lower middle income,0.3,0,0,53.1,76,50.43,2584,35.3
Vanuatu,98.98614427,0.599,78,276244,4,1.447995251,5,1.889623322,2788.770919,98.98614427,0.186,Lower middle income,SH.DYN.AIDS.ZS,0,0,22.9,56,3.2,1277,37.6
"Venezuela, RB",972.9514731,0.775,95,31977065,690,2.157796533,0,0,0,972.9514731,1.925,Upper middle income,SH.DYN.AIDS.ZS,0,0,90,32,18.13,SH.SGR.PROC.P5,46.9
Vietnam,116.7361937,0.684,54,95540800,1000,1.046673254,0,0,2065.169099,116.7361937,0.821,Lower middle income,0.3,0,0,45.1,133,SH.MED.SAOP.P5,SH.SGR.PROC.P5,35.3
Virgin Islands (U.S.),,0.684,54,107268,#N/A,#N/A,0,0,34954.97168,#N/A,1.645,High income,SH.DYN.AIDS.ZS,#N/A,#N/A,SN.ITK.SALT.ZS,7.7,SH.MED.SAOP.P5,SH.SGR.PROC.P5,#N/A
West Bank and Gaza,,0.684,54,4684777,#N/A,#N/A,0,0,2865.805109,#N/A,0.837,Lower middle income,SH.DYN.AIDS.ZS,#N/A,#N/A,76.6,1,SH.MED.SAOP.P5,SH.SGR.PROC.P5,33.7
World,1001.660404,0.684,54,7530360149,#N/A,#N/A,0,0,10172.22282,#N/A,1.489020989,#N/A,0.8,#N/A,#N/A,73.58595394,140,30.14722822,SH.SGR.PROC.P5,#N/A
"Yemen, Rep.",72.03946941,0.483,385,28250420,15,0.053096556,0,0,1285.563019,72.03946941,0.311,Low income,SH.DYN.AIDS.ZS,0,0,29.5,48,0.81,158,36.7
Zambia,69.36708094,0.483,385,17094130,79,0.462146948,0,0,1313.889646,69.36708094,0.091,Lower middle income,11.5,40,120,63.9005088,376,1.48,SH.SGR.PROC.P5,57.1
Zimbabwe,94.29000594,0.529,443,16529904,87,0.526318846,193,1.223264772,1033.415841,94.29000594,0.077,Low income,13.3,0,350,94,208,1.55,SH.SGR.PROC.P5,43.2
